{
    "adidas": [
        {
            "foto": "images/produk/product_adidas1.jpg",
            "nama": "adidas BASKETBALL",
            "size": "Putih",
            "harga": "1.026.000",
            "link": "https://shp.ee/ubxc97r"
        },
        {
            "foto": "images/produk/product_adidas3.jpg",
            "nama": "adidas RUNNING ",
            "size": "Hitam",
            "harga": "650.000",
            "link": "https://shp.ee/rupdi4r"
        },
        {
            "foto": "images/produk/product_adidas2.jpg",
            "nama": "adidas OUTDOOR",
            "size": "Cokelat",
            "harga": "1.105.000",
            "link": "https://shp.ee/c78pzlk"
        },
           {

            "foto": "images/produk/product_adidas4.jpg",

            "nama": "adidas TENNIS",
            "size": "Putih",
            "harga": "455.000",
            "link": "https://shp.ee/1f8qvyq"
        },
        {



            "foto": "images/produk/product_adidas5.jpg",

            "nama": "adidas FOOTBALL",
            "size": "Hitam",
            "harga": "900.000",
            "link": "https://shp.ee/xezeu7k"
        },
        {
        
        
        
               "foto": "images/produk/product_adidas6.jpg",
        
               "nama": "adidas CASUAL",
               "size": "Abu-abu",
               "harga": "1.700.000",
               "link": "https://shp.ee/bupnm58"
             }
        
    ],
    "sandal":   [
        {
            "foto": "images/produk/product_sandal.jpg",
            "nama": "adidas HIKING terrex",
            "size": "Abu-abu",
            "harga": "1.000.000",
            "link": "https://shp.ee/l6mujrb"
        },
        {
            "foto": "images/produk/product_sandal2.jpg",
            "nama": "adidas SWIM flip-flop",
            "size": "Hitam",
            "harga": "293.000",
            "link": "https://shp.ee/x93012q"
        },
       
          {

            "foto": "images/produk/product_sandal3.jpg",

            "nama": "adidas SWIM Adilette ",
            "size": "Biru",
            "harga": "247.000",
            "link": "//https://shp.e/igo6kwk"
        },
        
        {



            "foto": "images/produk/product_sandal4.jpg",

            "nama": "adidas SWIM Slides ",
            "size": "Hitam",
            "harga": "390.000",
            "link": "https://shp.ee/qqa9w5v"
        },
        {

            "foto": "images/produk/product_sandal5.jpg",
            "nama": "adidas ADVENTURE",
            "size": "Putih",
            "harga": "715.000",
            "link": "https://shp.ee/e5l9v2z"
        },
       
        {

            "foto": "images/produk/product_sandal6.jpg",
            "nama": "adidas SWIM  Adissage ",
            "size": "Hitam",
            "harga": "325.000",
            "link": "https://shp.ee/kifpjkw"
        }
        ]
}
